"id.exposure","chr.exposure","pos.exposure","SNP","effect_allele.exposure","other_allele.exposure","eaf.exposure","beta.exposure","se.exposure","pval.exposure","samplesize.exposure","exposure","mr_keep.exposure","pval_origin.exposure","data_source.exposure"
"eqtl-a-ENSG00000140443","15",99504843,"rs2654980","T","C",0.231425,-0.269712,0.0139284,1.54739e-83,26395,"ENSG00000140443 || id:eqtl-a-ENSG00000140443",TRUE,"reported","igd"
"eqtl-a-ENSG00000140443","15",99232628,"rs7181339","C","T",0.951116,-0.294454,0.0274908,9.03858e-27,25950,"ENSG00000140443 || id:eqtl-a-ENSG00000140443",TRUE,"reported","igd"
"eqtl-a-ENSG00000140443","7",50370254,"rs149007767","T","C",0.149708,0.122686,0.0166496,1.72425e-13,29863,"ENSG00000140443 || id:eqtl-a-ENSG00000140443",TRUE,"reported","igd"
"eqtl-a-ENSG00000140443","15",99240935,"rs117212126","T","G",0.0227942,-0.28702,0.0398053,5.57057e-13,20515,"ENSG00000140443 || id:eqtl-a-ENSG00000140443",TRUE,"reported","igd"
"eqtl-a-ENSG00000140443","6",42515791,"rs16895831","T","C",0.209742,0.0965187,0.0145964,3.78181e-11,27609,"ENSG00000140443 || id:eqtl-a-ENSG00000140443",TRUE,"reported","igd"
"eqtl-a-ENSG00000140443","5",179135815,"rs6893300","A","C",0.297362,-0.0828699,0.0130021,1.844e-10,31470,"ENSG00000140443 || id:eqtl-a-ENSG00000140443",TRUE,"reported","igd"
"eqtl-a-ENSG00000140443","6",108962642,"rs9480866","T","C",0.160953,0.101079,0.0161734,4.1151e-10,31470,"ENSG00000140443 || id:eqtl-a-ENSG00000140443",TRUE,"reported","igd"
"eqtl-a-ENSG00000140443","7",28724374,"rs56388170","T","G",0.289189,-0.0803087,0.0131099,9.02298e-10,31141,"ENSG00000140443 || id:eqtl-a-ENSG00000140443",TRUE,"reported","igd"
"eqtl-a-ENSG00000140443","4",140795327,"rs1531070","A","G",0.413713,-0.0729884,0.0120692,1.47021e-09,31470,"ENSG00000140443 || id:eqtl-a-ENSG00000140443",TRUE,"reported","igd"
"eqtl-a-ENSG00000140443","15",99558369,"rs59467480","C","A",0.713387,-0.0755571,0.013147,9.08406e-09,25528,"ENSG00000140443 || id:eqtl-a-ENSG00000140443",TRUE,"reported","igd"
