"SNP","effect_allele.exposure","other_allele.exposure","effect_allele.outcome","other_allele.outcome","beta.exposure","beta.outcome","eaf.exposure","eaf.outcome","remove","palindromic","ambiguous","id.outcome","chr","pos","se.outcome","samplesize.outcome","pval.outcome","outcome","originalname.outcome","outcome.deprecated","mr_keep.outcome","data_source.outcome","id.exposure","chr.exposure","pos.exposure","se.exposure","pval.exposure","samplesize.exposure","exposure","mr_keep.exposure","pval_origin.exposure","data_source.exposure","action","SNP_index","mr_keep"
"rs117212126","T","G","T","G",-0.28702,-0.0869301,0.0227942,0.0029905,FALSE,FALSE,FALSE,"ebi-a-GCST90018627","15","99240935",0.28519,175465,0.760507,"Graves' disease || id:ebi-a-GCST90018627","Graves' disease","Graves' disease ||  || ",TRUE,"igd","eqtl-a-ENSG00000140443","15",99240935,0.0398053,5.57057e-13,20515,"ENSG00000140443 || id:eqtl-a-ENSG00000140443",TRUE,"reported","igd",2,1,TRUE
"rs149007767","T","C","T","C",0.122686,-0.0674672,0.149708,0.128587,FALSE,FALSE,FALSE,"ebi-a-GCST90018627","7","50370254",0.0465925,175465,0.14761,"Graves' disease || id:ebi-a-GCST90018627","Graves' disease","Graves' disease ||  || ",TRUE,"igd","eqtl-a-ENSG00000140443","7",50370254,0.0166496,1.72425e-13,29863,"ENSG00000140443 || id:eqtl-a-ENSG00000140443",TRUE,"reported","igd",2,1,TRUE
"rs1531070","A","G","A","G",-0.0729884,0.0483281,0.413713,0.148613,FALSE,FALSE,FALSE,"ebi-a-GCST90018627","4","140795327",0.0417086,175465,0.246575,"Graves' disease || id:ebi-a-GCST90018627","Graves' disease","Graves' disease ||  || ",TRUE,"igd","eqtl-a-ENSG00000140443","4",140795327,0.0120692,1.47021e-09,31470,"ENSG00000140443 || id:eqtl-a-ENSG00000140443",TRUE,"reported","igd",2,1,TRUE
"rs16895831","T","C","T","C",0.0965187,0.0215666,0.209742,0.112502,FALSE,FALSE,FALSE,"ebi-a-GCST90018627","6","42515791",0.0442373,175465,0.62589,"Graves' disease || id:ebi-a-GCST90018627","Graves' disease","Graves' disease ||  || ",TRUE,"igd","eqtl-a-ENSG00000140443","6",42515791,0.0145964,3.78181e-11,27609,"ENSG00000140443 || id:eqtl-a-ENSG00000140443",TRUE,"reported","igd",2,1,TRUE
"rs2654980","T","C","T","C",-0.269712,-0.128488,0.231425,0.0277549,FALSE,FALSE,FALSE,"ebi-a-GCST90018627","15","99504843",0.0840636,175465,0.126397,"Graves' disease || id:ebi-a-GCST90018627","Graves' disease","Graves' disease ||  || ",TRUE,"igd","eqtl-a-ENSG00000140443","15",99504843,0.0139284,1.54739e-83,26395,"ENSG00000140443 || id:eqtl-a-ENSG00000140443",TRUE,"reported","igd",2,1,TRUE
"rs56388170","T","G","T","G",-0.0803087,-0.0144133,0.289189,0.214356,FALSE,FALSE,FALSE,"ebi-a-GCST90018627","7","28724374",0.0345648,175465,0.676683,"Graves' disease || id:ebi-a-GCST90018627","Graves' disease","Graves' disease ||  || ",TRUE,"igd","eqtl-a-ENSG00000140443","7",28724374,0.0131099,9.02298e-10,31141,"ENSG00000140443 || id:eqtl-a-ENSG00000140443",TRUE,"reported","igd",2,1,TRUE
"rs59467480","C","A","C","A",-0.0755571,-0.0394007,0.713387,0.601074,FALSE,FALSE,FALSE,"ebi-a-GCST90018627","15","99558369",0.0299862,175465,0.18886,"Graves' disease || id:ebi-a-GCST90018627","Graves' disease","Graves' disease ||  || ",TRUE,"igd","eqtl-a-ENSG00000140443","15",99558369,0.013147,9.08406e-09,25528,"ENSG00000140443 || id:eqtl-a-ENSG00000140443",TRUE,"reported","igd",2,1,TRUE
"rs6893300","A","C","A","C",-0.0828699,-0.0333428,0.297362,0.169627,FALSE,FALSE,FALSE,"ebi-a-GCST90018627","5","179135815",0.0370146,175465,0.367694,"Graves' disease || id:ebi-a-GCST90018627","Graves' disease","Graves' disease ||  || ",TRUE,"igd","eqtl-a-ENSG00000140443","5",179135815,0.0130021,1.844e-10,31470,"ENSG00000140443 || id:eqtl-a-ENSG00000140443",TRUE,"reported","igd",2,1,TRUE
"rs7181339","C","T","C","T",-0.294454,-0.0733162,0.951116,0.934215,FALSE,FALSE,FALSE,"ebi-a-GCST90018627","15","99232628",0.0557774,175465,0.188697,"Graves' disease || id:ebi-a-GCST90018627","Graves' disease","Graves' disease ||  || ",TRUE,"igd","eqtl-a-ENSG00000140443","15",99232628,0.0274908,9.03858e-27,25950,"ENSG00000140443 || id:eqtl-a-ENSG00000140443",TRUE,"reported","igd",2,1,TRUE
"rs9480866","T","C","T","C",0.101079,0.0285323,0.160953,0.0861089,FALSE,FALSE,FALSE,"ebi-a-GCST90018627","6","108962642",0.0492151,175465,0.562085,"Graves' disease || id:ebi-a-GCST90018627","Graves' disease","Graves' disease ||  || ",TRUE,"igd","eqtl-a-ENSG00000140443","6",108962642,0.0161734,4.1151e-10,31470,"ENSG00000140443 || id:eqtl-a-ENSG00000140443",TRUE,"reported","igd",2,1,TRUE
